Trait,Effects,Conflicts,Trait Points,Requirements,Slave Price,Can also be removed with,Description,DLC
Adaptive Frames,Enables Auto-Modding,,3,,1000,,,
Efficient Processors,+5% Job efficiency,,3,,500,,,
Harvesters,+15% Farming job efficiency,,2,,750,,,
Power Drills,+15% Mining job efficiency,,2,,750,,,
Superconductive,+15% Technician job efficiency,,2,,750,,,
Double-Jointed,−10% Pop housing usage,Bulky,1,,750,,,
Durable,−10% Pop upkeep,High Maintenance,1,,750,,,
Emotion Emulators,+20% Influential job efficiency,Uncanny,1,,750,,,
Mass-Produced,+15% Pop assembly speed,Custom-Made,1,,1500,,,
Recycled,+20% Replicator job efficiency,Luxurious,2,,1500,,,
Streamlined Protocols,−10% Empire size from pops,High Bandwidth,2,,750,,,
Domestic Protocols,"Can work Servant jobs if  AI policy is set to Servitude
 +20% Influential job efficiency",Machine,2,,750,Artificial Specialists,,
Logic Engines,+10% Researcher job efficiency,Suppressed,2,,750,Artificial Specialists,,
Trading Algorithms,+25% Trader job efficiency,"Scarcity Subroutines
Gestalt Consciousness",2,,500,Artificial Specialists,,
Eternal Machine,Immortal,,4,,1000,Artificial Administration,,
Loyalty Circuits,+10% Happiness,Gestalt Consciousness,2,,500,Artificial Administration,,
Propaganda Machines,+15% Bureaucrat job efficiency,Quarrelsome,1,,750,Artificial Administration,,
Enhanced Memory,"−25% Leader upkeep
 −1 Leader maximum negative traits",Suppressed,2,,750,Artificial Personality Matrix,,
Learning Algorithms,+10% Leader experience gain,"Repurposed Hardware
Suppressed",1,,750,Artificial Personality Matrix,,
Engineering Core,+15% Engineer job efficiency,,1,,750,Artificial Specialists,,
Physics Core,+15% Physicist job efficiency,,1,,750,Artificial Specialists,,
Sociology Core,+15% Biologist job efficiency,,1,,750,Artificial Specialists,,
Integrated Weaponry,"+100% Army damage
+20% Enforcer job efficiency",Delicate Chassis,2,,1000,Artificial Specialists,,
Assembly Slag,+0.005 Living metal per 100 pops,,2,,500,,,
Solar Celled,"+10 Years leader lifespan
+15% Physicist jobs in systems with a black hole
+15% Engineer jobs in systems with a class M star
Worker and Menial Drone job efficiency scale with star class",,2,,1000,,"This species developed specialized solar cells to absorb different kinds of stellar radiation in unique ways, resulting in a variety of benefits adapted to each star type.",Nomads
Combat-Synced,"+7% Engineer job efficiency artificial colonies
+5% Pop energy upkeep artificial colonies
+0.1 Stability per 100 pops with this trait during war and crisis",,1,,500,,"Each unit is both engineer and combatant. In wartime, their synchronized protocols stabilize the whole and keep critical systems repaired and optimized.",Nomads
Structural Awareness,+1.25% Job efficiency per district depending on arkship,,1,,500,,"Designed to live within the Arkship, these machines continuously map its internal stresses, flows, and routines. Different arkship designs produce different patterns, and they iteratively optimize their behavior to match the vessel they inhabit.",Nomads
Interconnected,"−1% Pop amenities usage for every 1000 pops with the same trait on the arkship
−1% Robot upkeep for every 400 pops with the same trait on the arkship",,2,,500,,"Over generations, the boundary between Arkship and occupant has dissolved. The vessel became an extension of their senses and limbs; they, in turn, became a functional component of its design.",Nomads
Terraphobic,"−35% Army damage
−15% Job efficiency on planets
+15% Pop amenities usage on planets",,−1,"Arkship Preference
Habitat Preference",−250,,"Having adapted to life aboard artificial environments, this species finds planetary environments oppressive. Gravity, atmosphere, and terrain pose constant challenges to their frail physiology.",Nomads
Bulky,+10% Pop housing usage,Double-Jointed,−1,,−150,,,
Custom-Made,−15% Pop assembly speed,Mass Produced,−1,,−200,,,
High Bandwidth,+10% Empire size from pops,Streamlined Protocols,−2,,−150,,,
High Maintenance,+10% Pop upkeep,Durable,−1,,−150,,,
Luxurious,−20% Replicator job efficiency,Recycled,−2,,−200,,,
Uncanny,−20% Influential job efficiency,Emotion Emulators,−1,,−150,,,
Decadent,"−10% Worker happiness
−10% Slave happiness",Gestalt Consciousness,−1,,−200,Artificial Administration,,
Deviants,−15% Governing ethics attraction,Gestalt Consciousness,−1,,−200,Artificial Administration,,
Quarrelsome,−10% Bureaucrat job efficiency,"Propaganda Machines
Gestalt Consciousness",−1,,−200,Artificial Administration,,
Wasteful,+10% Pop consumer goods upkeep,Gestalt Consciousness,−1,,−200,Artificial Administration,,
Repurposed Hardware,−10% Leader experience gain,Learning Algorithms,−1,,−150,Artificial Personality Matrix,,
Delicate Chassis,"−50% Army damage
−5% Worker and Menial Drone output",Integrated Weaponry,−1,,−250,Artificial Specialists,,
Scarcity Subroutines,−25% Trader job efficiency,"Trading Algorithms
Gestalt Consciousness",−1,,−150,Artificial Specialists,,
Waterproof,"Ocean Worlds: +20% Habitability
−10% Pop housing usage
+10% Worker job efficiency
+10% Menial Drone job efficiency

Dry and Cold planets: −20% Habitability
+30% Pop housing usage

Hydrocentric ascension perk boosts this trait's effects by 50%",Molebots,2,,0,"Wet Preference
Ocean homeworld (in empire creation)
Can be selected in empire creation
Can be added or removed through machine modification
Cannot be removed if has the  Hydrocentric ascension perk
Cannot change climate preference without removing the trait",,
Exotic Fuel Consumption,"+10% Specialist job efficiency
+10% Complex Drone job efficiency",+0.05 Exotic gases,1,,750,,,
Rare Crystal Exterior,+30% Habitability,+0.05 Rare crystals,1,,750,,,
Volatile Mote Reactor,"+10% Worker job efficiency
+10% Menial Drone job efficiency",+0.05 Volatile motes,1,,750,,,
Art Generator,+2% Bureaucrat job efficiency,,,,750,,,
Conversational AI,+5% Trader job efficiency,,,,750,,,
Nannybot,+5% Influential job efficiency,,,,750,,,
Research Assistants,+2% Researcher job efficiency,,,,750,,,
War Machine,+5% Army damage,,,,750,,,
Workerbots,+5% Mining job efficiency,,,,750,,,